<metadata xml:lang="en"><Esri><CreaDate>20180505</CreaDate><CreaTime>15134800</CreaTime><ArcGISFormat>1.0</ArcGISFormat><SyncOnce>FALSE</SyncOnce><DataProperties><itemProps><itemName Sync="TRUE">CXB_New_camp_outline_20180505</itemName><imsContentType Sync="TRUE">002</imsContentType><itemLocation><linkage Sync="TRUE">file://\\LAPTOP-TIG7FBJS\C$\Users\jeffp\IOM\International Organization for Migration - IOM\NPM Bangladesh - Documents\Information Management\GIS\special\2018-05-02-UAVNewCamps\CXB_New_camp_outline_20180505.shp</linkage><protocol Sync="TRUE">Local Area Network</protocol></itemLocation><itemSize Sync="TRUE">0.000</itemSize></itemProps><coordRef><type Sync="TRUE">Geographic</type><geogcsn Sync="TRUE">GCS_WGS_1984</geogcsn><csUnits Sync="TRUE">Angular Unit: Degree (0.017453)</csUnits><peXml Sync="TRUE">&lt;GeographicCoordinateSystem xsi:type='typens:GeographicCoordinateSystem' xmlns:xsi='http://www.w3.org/2001/XMLSchema-instance' xmlns:xs='http://www.w3.org/2001/XMLSchema' xmlns:typens='http://www.esri.com/schemas/ArcGIS/10.6'&gt;&lt;WKT&gt;GEOGCS[&amp;quot;GCS_WGS_1984&amp;quot;,DATUM[&amp;quot;D_WGS_1984&amp;quot;,SPHEROID[&amp;quot;WGS_1984&amp;quot;,6378137.0,298.257223563]],PRIMEM[&amp;quot;Greenwich&amp;quot;,0.0],UNIT[&amp;quot;Degree&amp;quot;,0.0174532925199433],AUTHORITY[&amp;quot;EPSG&amp;quot;,4326]]&lt;/WKT&gt;&lt;XOrigin&gt;-400&lt;/XOrigin&gt;&lt;YOrigin&gt;-400&lt;/YOrigin&gt;&lt;XYScale&gt;11258999068426.238&lt;/XYScale&gt;&lt;ZOrigin&gt;-100000&lt;/ZOrigin&gt;&lt;ZScale&gt;10000&lt;/ZScale&gt;&lt;MOrigin&gt;-100000&lt;/MOrigin&gt;&lt;MScale&gt;10000&lt;/MScale&gt;&lt;XYTolerance&gt;8.983152841195215e-09&lt;/XYTolerance&gt;&lt;ZTolerance&gt;0.001&lt;/ZTolerance&gt;&lt;MTolerance&gt;0.001&lt;/MTolerance&gt;&lt;HighPrecision&gt;true&lt;/HighPrecision&gt;&lt;LeftLongitude&gt;-180&lt;/LeftLongitude&gt;&lt;WKID&gt;4326&lt;/WKID&gt;&lt;LatestWKID&gt;4326&lt;/LatestWKID&gt;&lt;/GeographicCoordinateSystem&gt;</peXml></coordRef><lineage><Process ToolSource="c:\program files (x86)\arcgis\desktop10.6\ArcToolbox\Toolboxes\Conversion Tools.tbx\FeatureClassToFeatureClass" Date="20180325" Time="205924">FeatureClassToFeatureClass 180320_Outline_Rohingya_refugee_camps_sites "C:\Users\jeffp\IOM\International Organization for Migration - IOM\NPM Bangladesh - Documents\Information Management\GIS\base_data\CXB_NPM_Locations_REF.mdb" CXB_New_camp_outline_180320 # "Camp_ID "Camp_ID" true true false 50 Text 0 0 ,First,#,180320_Outline_Rohingya_refugee_camps_sites,Camp_ID,-1,-1;CiC_Camp "CiC_Camp" true true false 254 Text 0 0 ,First,#,180320_Outline_Rohingya_refugee_camps_sites,CiC_Camp,-1,-1;Site_name "Site_name" true true false 254 Text 0 0 ,First,#,180320_Outline_Rohingya_refugee_camps_sites,Site_name,-1,-1;New_Camp_Name "New_Camp_Name" true true false 254 Text 0 0 ,First,#,180320_Outline_Rohingya_refugee_camps_sites,New_Camp_N,-1,-1;New_Camp_SSID "New_Camp_SSID" true true false 254 Text 0 0 ,First,#,180320_Outline_Rohingya_refugee_camps_sites,New_Camp_S,-1,-1;District "District" true true false 254 Text 0 0 ,First,#,180320_Outline_Rohingya_refugee_camps_sites,District,-1,-1;Upazila "Upazila" true true false 254 Text 0 0 ,First,#,180320_Outline_Rohingya_refugee_camps_sites,Upazila,-1,-1;Union_1 "Union_1" true true false 254 Text 0 0 ,First,#,180320_Outline_Rohingya_refugee_camps_sites,Union_1,-1,-1;Settlement "Settlement" true true false 254 Text 0 0 ,First,#,180320_Outline_Rohingya_refugee_camps_sites,Settlement,-1,-1" #</Process><Process ToolSource="c:\program files (x86)\arcgis\desktop10.6\ArcToolbox\Toolboxes\Data Management Tools.tbx\Append" Date="20180505" Time="151507">Append NewCampsFinal CXB_New_camp_outline_20180505 NO_TEST "Camp_ID "Camp_ID" true true false 50 Text 0 0 ,First,#,NewCampsFinal,Name,-1,-1;CiC_Camp "CiC_Camp" true true false 254 Text 0 0 ,First,#;Site_name "Site_name" true true false 254 Text 0 0 ,First,#;New_Camp_Name "New_Camp_Name" true true false 254 Text 0 0 ,First,#,NewCampsFinal,Name,-1,-1;New_Camp_SSID "New_Camp_SSID" true true false 254 Text 0 0 ,First,#;District "District" true true false 254 Text 0 0 ,First,#;Upazila "Upazila" true true false 254 Text 0 0 ,First,#;Union_1 "Union_1" true true false 254 Text 0 0 ,First,#;Settlement "Settlement" true true false 254 Text 0 0 ,First,#;Shape_Length "Shape_Length" false true true 8 Double 0 0 ,First,#;Shape_Area "Shape_Area" false true true 8 Double 0 0 ,First,#" #</Process><Process ToolSource="c:\program files (x86)\arcgis\desktop10.6\ArcToolbox\Toolboxes\Conversion Tools.tbx\FeatureClassToFeatureClass" Date="20180505" Time="153749">FeatureClassToFeatureClass CXB_New_camp_outline_20180505 "C:\Users\jeffp\IOM\International Organization for Migration - IOM\NPM Bangladesh - Documents\Information Management\GIS\special\2018-05-02-UAVNewCamps" CXB_New_camp_outline_20180505.shp # "Camp_ID "Camp_ID" true true false 50 Text 0 0 ,First,#,CXB_New_camp_outline_20180505,Camp_ID,-1,-1;CiC_Camp "CiC_Camp" true true false 254 Text 0 0 ,First,#,CXB_New_camp_outline_20180505,CiC_Camp,-1,-1;Site_name "Site_name" true true false 254 Text 0 0 ,First,#,CXB_New_camp_outline_20180505,Site_name,-1,-1;New_Camp_N "New_Camp_Name" true true false 254 Text 0 0 ,First,#,CXB_New_camp_outline_20180505,New_Camp_Name,-1,-1;New_Camp_S "New_Camp_SSID" true true false 254 Text 0 0 ,First,#,CXB_New_camp_outline_20180505,New_Camp_SSID,-1,-1;District "District" true true false 254 Text 0 0 ,First,#,CXB_New_camp_outline_20180505,District,-1,-1;Upazila "Upazila" true true false 254 Text 0 0 ,First,#,CXB_New_camp_outline_20180505,Upazila,-1,-1;Union_1 "Union_1" true true false 254 Text 0 0 ,First,#,CXB_New_camp_outline_20180505,Union_1,-1,-1;Settlement "Settlement" true true false 254 Text 0 0 ,First,#,CXB_New_camp_outline_20180505,Settlement,-1,-1" #</Process><Process ToolSource="c:\program files (x86)\arcgis\desktop10.5\ArcToolbox\Toolboxes\Data Management Tools.tbx\CalculateField" Date="20180506" Time="180018">CalculateField CXB_New_camp_outline_20180505 Camp_ID "Kutupalong RC" VB #</Process><Process ToolSource="c:\program files (x86)\arcgis\desktop10.5\ArcToolbox\Toolboxes\Data Management Tools.tbx\CalculateField" Date="20180506" Time="180054">CalculateField CXB_New_camp_outline_20180505 New_Camp_N "Camp 4 Extension" VB #</Process><Process ToolSource="c:\program files (x86)\arcgis\desktop10.5\ArcToolbox\Toolboxes\Data Management Tools.tbx\CalculateField" Date="20180506" Time="180153">CalculateField CXB_New_camp_outline_20180505 Settlement "Collective site with host community" VB #</Process><Process ToolSource="c:\program files (x86)\arcgis\desktop10.5\ArcToolbox\Toolboxes\Data Management Tools.tbx\CalculateField" Date="20180506" Time="180214">CalculateField CXB_New_camp_outline_20180505 Settlement "Collective site" VB #</Process><Process ToolSource="c:\program files (x86)\arcgis\desktop10.5\ArcToolbox\Toolboxes\Data Management Tools.tbx\CalculateField" Date="20180506" Time="180904">CalculateField CXB_New_camp_outline_20180505 Union [Union_1] VB #</Process><Process ToolSource="c:\program files (x86)\arcgis\desktop10.5\ArcToolbox\Toolboxes\Data Management Tools.tbx\CalculateField" Date="20180508" Time="152013">CalculateField CXB_New_camp_outline_20180505 Camp_ID "Camp 4 Extension" VB #</Process><Process ToolSource="c:\program files (x86)\arcgis\desktop10.5\ArcToolbox\Toolboxes\Data Management Tools.tbx\CalculateField" Date="20180508" Time="152021">CalculateField CXB_New_camp_outline_20180505 Site_name "Camp 4 Extension" VB #</Process></lineage></DataProperties><SyncDate>20180505</SyncDate><SyncTime>15374900</SyncTime><ModDate>20180505</ModDate><ModTime>15374900</ModTime></Esri><dataIdInfo><envirDesc Sync="TRUE"> Version 6.2 (Build 9200) ; Esri ArcGIS 10.6.0.8321</envirDesc><dataLang><languageCode value="eng" Sync="TRUE"></languageCode><countryCode value="USA" Sync="TRUE"></countryCode></dataLang><idCitation><resTitle Sync="TRUE">CXB_New_camp_outline_20180505</resTitle><presForm><PresFormCd value="005" Sync="TRUE"></PresFormCd></presForm></idCitation><spatRpType><SpatRepTypCd value="001" Sync="TRUE"></SpatRepTypCd></spatRpType></dataIdInfo><mdLang><languageCode value="eng" Sync="TRUE"></languageCode><countryCode value="USA" Sync="TRUE"></countryCode></mdLang><distInfo><distFormat><formatName Sync="TRUE">Shapefile</formatName></distFormat><distTranOps><transSize Sync="TRUE">0.000</transSize></distTranOps></distInfo><mdHrLv><ScopeCd value="005" Sync="TRUE"></ScopeCd></mdHrLv><mdHrLvName Sync="TRUE">dataset</mdHrLvName><refSysInfo><RefSystem><refSysID><identCode code="4326" Sync="TRUE"></identCode><idCodeSpace Sync="TRUE">EPSG</idCodeSpace><idVersion Sync="TRUE">6.14(3.0.1)</idVersion></refSysID></RefSystem></refSysInfo><spatRepInfo><VectSpatRep><geometObjs Name="CXB_New_camp_outline_20180505"><geoObjTyp><GeoObjTypCd value="002" Sync="TRUE"></GeoObjTypCd></geoObjTyp><geoObjCnt Sync="TRUE">0</geoObjCnt></geometObjs><topLvl><TopoLevCd value="001" Sync="TRUE"></TopoLevCd></topLvl></VectSpatRep></spatRepInfo><spdoinfo><ptvctinf><esriterm Name="CXB_New_camp_outline_20180505"><efeatyp Sync="TRUE">Simple</efeatyp><efeageom code="4" Sync="TRUE"></efeageom><esritopo Sync="TRUE">FALSE</esritopo><efeacnt Sync="TRUE">0</efeacnt><spindex Sync="TRUE">FALSE</spindex><linrefer Sync="TRUE">FALSE</linrefer></esriterm></ptvctinf></spdoinfo><eainfo><detailed Name="CXB_New_camp_outline_20180505"><enttyp><enttypl Sync="TRUE">CXB_New_camp_outline_20180505</enttypl><enttypt Sync="TRUE">Feature Class</enttypt><enttypc Sync="TRUE">0</enttypc></enttyp><attr><attrlabl Sync="TRUE">FID</attrlabl><attalias Sync="TRUE">FID</attalias><attrtype Sync="TRUE">OID</attrtype><attwidth Sync="TRUE">4</attwidth><atprecis Sync="TRUE">0</atprecis><attscale Sync="TRUE">0</attscale><attrdef Sync="TRUE">Internal feature number.</attrdef><attrdefs Sync="TRUE">Esri</attrdefs><attrdomv><udom Sync="TRUE">Sequential unique whole numbers that are automatically generated.</udom></attrdomv></attr><attr><attrlabl Sync="TRUE">Shape</attrlabl><attalias Sync="TRUE">Shape</attalias><attrtype Sync="TRUE">Geometry</attrtype><attwidth Sync="TRUE">0</attwidth><atprecis Sync="TRUE">0</atprecis><attscale Sync="TRUE">0</attscale><attrdef Sync="TRUE">Feature geometry.</attrdef><attrdefs Sync="TRUE">Esri</attrdefs><attrdomv><udom Sync="TRUE">Coordinates defining the features.</udom></attrdomv></attr><attr><attrlabl Sync="TRUE">Camp_ID</attrlabl><attalias Sync="TRUE">Camp_ID</attalias><attrtype Sync="TRUE">String</attrtype><attwidth Sync="TRUE">50</attwidth><atprecis Sync="TRUE">0</atprecis><attscale Sync="TRUE">0</attscale></attr><attr><attrlabl Sync="TRUE">CiC_Camp</attrlabl><attalias Sync="TRUE">CiC_Camp</attalias><attrtype Sync="TRUE">String</attrtype><attwidth Sync="TRUE">254</attwidth><atprecis Sync="TRUE">0</atprecis><attscale Sync="TRUE">0</attscale></attr><attr><attrlabl Sync="TRUE">Site_name</attrlabl><attalias Sync="TRUE">Site_name</attalias><attrtype Sync="TRUE">String</attrtype><attwidth Sync="TRUE">254</attwidth><atprecis Sync="TRUE">0</atprecis><attscale Sync="TRUE">0</attscale></attr><attr><attrlabl Sync="TRUE">New_Camp_N</attrlabl><attalias Sync="TRUE">New_Camp_N</attalias><attrtype Sync="TRUE">String</attrtype><attwidth Sync="TRUE">254</attwidth><atprecis Sync="TRUE">0</atprecis><attscale Sync="TRUE">0</attscale></attr><attr><attrlabl Sync="TRUE">New_Camp_S</attrlabl><attalias Sync="TRUE">New_Camp_S</attalias><attrtype Sync="TRUE">String</attrtype><attwidth Sync="TRUE">254</attwidth><atprecis Sync="TRUE">0</atprecis><attscale Sync="TRUE">0</attscale></attr><attr><attrlabl Sync="TRUE">District</attrlabl><attalias Sync="TRUE">District</attalias><attrtype Sync="TRUE">String</attrtype><attwidth Sync="TRUE">254</attwidth><atprecis Sync="TRUE">0</atprecis><attscale Sync="TRUE">0</attscale></attr><attr><attrlabl Sync="TRUE">Upazila</attrlabl><attalias Sync="TRUE">Upazila</attalias><attrtype Sync="TRUE">String</attrtype><attwidth Sync="TRUE">254</attwidth><atprecis Sync="TRUE">0</atprecis><attscale Sync="TRUE">0</attscale></attr><attr><attrlabl Sync="TRUE">Union_1</attrlabl><attalias Sync="TRUE">Union_1</attalias><attrtype Sync="TRUE">String</attrtype><attwidth Sync="TRUE">254</attwidth><atprecis Sync="TRUE">0</atprecis><attscale Sync="TRUE">0</attscale></attr><attr><attrlabl Sync="TRUE">Settlement</attrlabl><attalias Sync="TRUE">Settlement</attalias><attrtype Sync="TRUE">String</attrtype><attwidth Sync="TRUE">254</attwidth><atprecis Sync="TRUE">0</atprecis><attscale Sync="TRUE">0</attscale></attr></detailed></eainfo><mdDateSt Sync="TRUE">20180505</mdDateSt></metadata>
